agent_id,generation_number,fitness,p_11,p_22,p_33,p_44,q_11,q_22,q_33,q_44,r_11,r_22,r_33,r_44
1,1,1.9912731279200435,0.6118611116121873,0.653732878261172,0.37869056215872937,0.24480844303579036,0.5030955025990872,0.3731389594988977,0.37825652926722886,0.5425589081758623,0.5925421310923822,0.4786765467009824,0.6522350010807166,0.5033786619950392
