agent_id,generation_number,fitness,p_11,p_22,p_33,p_44,q_11,q_22,q_33,q_44,r_11,r_22,r_33,r_44
1,1,1.459176592712568,0.26348119321787866,0.2575502255246222,0.24961294201386047,0.4868830854664294,0.014733636310937489,0.005512231366278646,0.019482894733977407,0.012396855461383968,0.010208234503100143,0.00989006927471065,0.009830267457352227,0.005
2,1,1.148159731753449,0.25653264435689543,0.25283166295572296,0.23710656301230212,0.49494572575911255,0.008728457033254422,0.013457705273429243,0.021271907510187146,0.015610174889609345,0.02363758020908069,0.02485686359744739,0.029120957280076874,0.005
3,1,1.363772935269029,0.254625967849667,0.24955767869953668,0.25723559729215545,0.4892254523825497,0.01419509162673957,0.006986145137171685,0.005,0.010594663669024491,0.030395772683179174,0.009924869271939876,0.005,0.005
4,2,1.167410148432059,0.26417390065864793,0.25816898689465645,0.24348936562810328,0.49902931348172436,0.0396603742404882,0.018209535383110802,0.021482766652723792,0.03096592619191254,0.023960067570113153,0.030943805469677527,0.03384779055176405,0.010232515097048079
5,2,1.3573680100411654,0.2489191751370166,0.24147278025498126,0.23882968292918033,0.4966551939859016,0.014629023589517929,0.00755172519715861,0.029483039948251057,0.005,0.01019808246953956,0.013739427546752392,0.005,0.005
6,2,2.274690708614198,0.25552125947703913,0.23664151471440903,0.2677102929999847,0.4871779497098183,0.005,0.005,0.006494752472308424,0.0052676463056698115,0.027883070867214747,0.027770825092954227,0.028791602412274676,0.013110223816454263
