agent_id,generation_number,fitness,p_11,p_22,p_33,p_44,q_11,q_22,q_33,q_44,r_11,r_22,r_33,r_44
1,1,1.5144318570780835,0.2523321531747966,0.2505108226937938,0.2337040488007027,0.5098837400208666,0.018916933212204633,0.02970660182686201,0.005,0.005,0.0075741816677085145,0.005,0.008179547907073627,0.005
2,1,1.6274190100239077,0.2434302347819949,0.23820735729552311,0.24049004628290604,0.5126014482249494,0.006839616488536331,0.005,0.005858047971046762,0.02214598197771346,0.005,0.005,0.008055074717263855,0.020921661283735845
3,1,1.7540515742477976,0.2592808298772155,0.23348410344371662,0.2519520380069858,0.510922230477852,0.010090792181779802,0.005,0.013995813894722795,0.0065527608484383364,0.029536476195650516,0.01626337749215574,0.008831173252001116,0.03487814456228709
4,2,1.5730989366204977,0.2518342067457499,0.23381204557906785,0.23512342746501816,0.49476133573783054,0.005,0.005377846875953743,0.007319709342074366,0.015225657278717053,0.005,0.005,0.012846213986826614,0.007494539828390148
5,2,1.814157948332982,0.264445835424938,0.2578741164864245,0.23178910867357624,0.4953746385544267,0.014902602266837943,0.028180405565088176,0.005,0.005,0.010544412621699016,0.017396672964325822,0.005,0.009144831734880877
6,2,0.0,0.2610786887773375,0.2538650205044116,0.22238477084398955,0.5163161162161869,0.02187856208467147,0.028132013820446958,0.005,0.016635050518777433,0.012675455723026611,0.012166006637166271,0.01212303322964823,0.017317823289853734
